"","Name","Class","Role","Tier","Score","Trend","Win %","Role %","Pick %","Ban %","KDA","Patch"
"1","Aatrox","Fighter","TOP","God",89.27,"+5.88","49.82%","94.60%","16.93%","12.08%",1.86,"13_24"
"2","Ahri","Mage","MID","S",57.43,"+2.47","49.71%","95.09%","6.74%","0.90%",2.7,"13_24"
"3","Akali","Assassin","MID","God",77.47,"+12.80","49.83%","76.26%","11.91%","15.87%",2.46,"13_24"
"4","Akali","Assassin","TOP","B",47.19,"-2.98","47.05%","23.90%","3.66%","15.91%",2.1,"13_24"
"5","Akshan","Marksman","MID","S",53.76,"+2.06","52.82%","88.12%","3.57%","7.79%",2.47,"13_24"
"6","Akshan","Marksman","TOP","C",43.16,"-7.62","50.96%","10.27%","0.39%","7.80%",1.97,"13_24"
"7","Alistar","Tank","SUPPORT","S",53.87,"-2.02","49.60%","97.89%","6.43%","3.94%",2.44,"13_24"
"8","Amumu","Tank","SUPPORT","B",47.11,"+3.02","51.79%","44.25%","0.86%","0.14%",2.05,"13_24"
"9","Amumu","Tank","JUNGLE","C",41.26,"+1.65","47.60%","56.35%","1.24%","0.14%",2.49,"13_24"
"10","Anivia","Mage","MID","A",52.13,"-1.88","53.44%","81.98%","2.07%","1.10%",2.94,"13_24"
"11","Anivia","Mage","SUPPORT","D",39.67,"-2.11","47.36%","16.14%","0.37%","1.10%",2.12,"13_24"
"12","Annie","Mage","MID","B",46.78,"-3.10","53.12%","78.15%","1.03%","0.12%",2.6,"13_24"
"13","Annie","Mage","SUPPORT","B",45.25,"-2.60","50.78%","20.07%","0.29%","0.13%",2.22,"13_24"
"14","Aphelios","Marksman","ADC","B",43.98,"-3.09","49.71%","99.45%","6.56%","0.55%",2.13,"13_24"
"15","Ashe","Marksman","SUPPORT","S",55.93,"+0.08","49.31%","52.41%","7.49%","15.00%",2.09,"13_24"
"16","Ashe","Marksman","ADC","A",48.55,"+0.23","50.21%","46.64%","6.90%","15.00%",2.45,"13_24"
"17","Aurelion Sol","Mage","MID","B",46.85,"-2.47","52.47%","91.68%","1.25%","0.18%",2.73,"13_24"
"18","Azir","Mage","MID","A",49.5,"+4.45","49.56%","94.25%","5.07%","1.05%",2.15,"13_24"
"19","Bard","Support","SUPPORT","S",59,"+1.92","52.69%","99.54%","5.37%","0.67%",3.07,"13_24"
"20","Bel'Veth","Fighter","JUNGLE","S",53.95,"+5.01","51.91%","93.43%","5.48%","4.91%",2.68,"13_24"
"21","Blitzcrank","Tank","SUPPORT","God",91.35,"-1.27","50.97%","99.72%","12.30%","57.54%",2.44,"13_24"
"22","Brand","Mage","JUNGLE","A",50.25,"+4.15","52.06%","51.17%","2.79%","1.21%",2.51,"13_24"
"23","Brand","Mage","SUPPORT","B",46.53,"+2.41","51.19%","34.18%","1.84%","1.29%",1.73,"13_24"
"24","Brand","Mage","MID","C",43.26,"-2.46","52.88%","13.21%","0.72%","1.23%",2.17,"13_24"
"25","Braum","Support","SUPPORT","S",57.71,"+8.46","54.14%","99.44%","3.32%","0.44%",2.95,"13_24"
"26","Briar","Fighter","JUNGLE","A",49.03,"+1.60","49.72%","97.04%","5.32%","16.55%",2.09,"13_24"
"27","Caitlyn","Marksman","ADC","S",56.24,"+1.24","49.84%","94.37%","13.64%","5.64%",2.32,"13_24"
"28","Camille","Fighter","TOP","A",53.11,"+2.15","51.80%","92.20%","3.59%","0.70%",2.01,"13_24"
"29","Cassiopeia","Mage","TOP","A",49.33,"+3.06","54.02%","29.74%","0.96%","1.08%",1.86,"13_24"
"30","Cassiopeia","Mage","ADC","A",49.19,"+8.21","56.50%","15.14%","0.44%","1.10%",2.51,"13_24"
"31","Cassiopeia","Mage","MID","C",40.62,"-5.48","50.64%","57.14%","1.45%","1.06%",2.06,"13_24"
"32","Cho'Gath","Tank","TOP","C",42.87,"-1.51","50.14%","48.87%","0.66%","0.07%",2.07,"13_24"
"33","Cho'Gath","Tank","MID","C",41.22,"-2.16","51.46%","28.84%","0.40%","0.07%",2.48,"13_24"
"34","Cho'Gath","Tank","SUPPORT","C",41.16,"+3.30","48.96%","11.08%","0.14%","0.06%",1.93,"13_24"
"35","Corki","Marksman","MID","B",43.87,"+1.58","52.35%","91.77%","0.92%","0.04%",2.37,"13_24"
"36","Darius","Fighter","TOP","S",56.75,"+1.18","50.41%","95.51%","5.61%","11.80%",1.81,"13_24"
"37","Diana","Fighter","JUNGLE","B",43.81,"-1.68","48.62%","66.24%","2.36%","0.20%",2.4,"13_24"
"38","Diana","Fighter","MID","C",42.51,"-1.05","51.52%","32.58%","1.12%","0.19%",2.31,"13_24"
"39","Dr. Mundo","Marksman","TOP","B",48.04,"+3.98","51.51%","91.10%","1.81%","0.21%",2.03,"13_24"
"40","Draven","Fighter","ADC","B",46.1,"-0.07","51.07%","96.78%","4.92%","11.93%",2.3,"13_24"
"41","Ekko","Assassin","JUNGLE","S",53.67,"+4.59","52.12%","68.39%","4.76%","1.29%",2.79,"13_24"
"42","Ekko","Assassin","MID","B",45.63,"-3.11","51.38%","31.28%","2.15%","1.28%",2.37,"13_24"
"43","Elise","Mage","JUNGLE","A",52.05,"-0.58","51.87%","98.04%","3.23%","4.12%",2.9,"13_24"
"44","Evelynn","Assassin","JUNGLE","A",51.43,"-1.56","51.60%","98.16%","2.85%","2.03%",2.99,"13_24"
"45","Ezreal","Marksman","ADC","God",91.3,"-0.55","50.53%","98.91%","30.28%","19.10%",2.66,"13_24"
"46","Fiddlesticks","Mage","JUNGLE","A",49.24,"+0.93","51.22%","69.27%","2.40%","1.73%",2.71,"13_24"
"47","Fiddlesticks","Mage","SUPPORT","B",46.16,"+1.63","51.38%","17.70%","0.61%","1.63%",2.07,"13_24"
"48","Fiora","Fighter","TOP","God",60.84,"+2.60","52.13%","98.35%","6.32%","11.65%",1.64,"13_24"
"49","Fizz","Assassin","MID","S",53.87,"+2.15","52.87%","97.77%","3.50%","2.81%",2.64,"13_24"
"50","Galio","Tank","MID","S",53.89,"+3.46","53.12%","83.30%","2.96%","0.34%",2.91,"13_24"
"51","Galio","Tank","SUPPORT","C",41.42,"-2.42","47.82%","12.24%","0.40%","0.34%",2.4,"13_24"
"52","Gangplank","Fighter","TOP","A",49.68,"-0.64","49.48%","92.15%","3.79%","2.96%",1.99,"13_24"
"53","Garen","Fighter","TOP","A",51.25,"-1.13","50.32%","85.74%","3.73%","1.60%",2.06,"13_24"
"54","Gnar","Fighter","TOP","A",49.32,"+1.16","50.11%","98.73%","3.53%","0.56%",1.89,"13_24"
"55","Gragas","Fighter","JUNGLE","A",50.37,"+2.09","50.58%","58.22%","3.74%","0.66%",2.89,"13_24"
"56","Gragas","Fighter","TOP","A",48.91,"+6.47","50.94%","28.86%","2.03%","0.66%",2.27,"13_24"
"57","Graves","Marksman","JUNGLE","God",76.23,"+4.71","51.52%","97.22%","18.81%","27.15%",2.74,"13_24"
"58","Gwen","Fighter","TOP","A",50.14,"+1.04","51.14%","81.44%","3.62%","1.29%",1.65,"13_24"
"59","Gwen","Fighter","JUNGLE","B",45.33,"+0.55","50.59%","15.88%","0.65%","1.29%",2.47,"13_24"
"60","Hecarim","Fighter","JUNGLE","B",47.85,"-0.62","49.05%","99.29%","3.84%","0.60%",2.85,"13_24"
"61","Heimerdinger","Mage","SUPPORT","B",46.68,"+1.29","51.16%","60.29%","1.51%","2.14%",1.92,"13_24"
"62","Heimerdinger","Mage","TOP","D",37.31,"-2.46","48.43%","26.20%","0.65%","2.07%",1.59,"13_24"
"63","Hwei","Mage","MID","S",55.38,"999NEW","42.27%","72.92%","8.74%","27.61%",2.06,"13_24"
"64","Hwei","Mage","SUPPORT","D",36.4,"999NEW","43.27%","20.25%","2.19%","27.98%",1.87,"13_24"
"65","Illaoi","Fighter","TOP","A",49.87,"+1.25","51.78%","95.14%","3.53%","6.83%",1.32,"13_24"
"66","Irelia","Fighter","TOP","A",52.63,"+1.19","50.84%","47.27%","4.43%","11.98%",1.55,"13_24"
"67","Irelia","Fighter","MID","A",48.79,"+0.83","49.26%","53.53%","5.14%","12.24%",1.7,"13_24"
"68","Ivern","Support","JUNGLE","S",57.62,"-1.38","53.64%","94.05%","2.21%","1.59%",3.95,"13_24"
"69","Janna","Support","SUPPORT","S",54.56,"+0.60","51.50%","98.87%","4.18%","0.91%",2.86,"13_24"
"70","Jarvan IV","Tank","JUNGLE","A",52.85,"-2.75","49.14%","96.67%","6.50%","2.42%",3.31,"13_24"
"71","Jax","Fighter","TOP","God",91.54,"+11.96","51.12%","87.08%","13.39%","30.91%",1.72,"13_24"
"72","Jax","Fighter","JUNGLE","B",45.95,"-0.15","49.76%","11.03%","1.65%","31.34%",2.48,"13_24"
"73","Jayce","Fighter","TOP","God",62.21,"+4.52","48.50%","64.78%","9.30%","6.39%",1.73,"13_24"
"74","Jayce","Fighter","MID","A",50.77,"+0.76","50.23%","33.69%","4.97%","6.61%",2.03,"13_24"
"75","Jhin","Marksman","ADC","God",60.74,"-2.88","49.93%","97.55%","14.57%","1.45%",3.06,"13_24"
"76","Jinx","Marksman","ADC","A",49.91,"-5.78","50.68%","99.39%","8.27%","0.67%",2.47,"13_24"
"77","K'Sante","Fighter","TOP","S",60.66,"+9.26","49.93%","90.35%","7.18%","3.83%",2.17,"13_24"
"78","Kai'Sa","Marksman","ADC","God",62.71,"-13.07","48.23%","98.56%","19.94%","1.84%",2.54,"13_24"
"79","Kalista","Marksman","ADC","A",49.8,"-8.44","50.47%","91.43%","7.38%","14.80%",2.27,"13_24"
"80","Karma","Mage","SUPPORT","A",52.8,"-1.57","47.28%","94.56%","8.09%","3.05%",2.46,"13_24"
"81","Karthus","Mage","JUNGLE","A",52.67,"+1.39","52.86%","89.80%","3.85%","10.34%",2.36,"13_24"
"82","Kassadin","Assassin","MID","B",44.5,"-2.95","51.52%","95.54%","1.21%","0.33%",2.64,"13_24"
"83","Katarina","Assassin","MID","S",54.02,"+0.72","53.06%","97.02%","3.41%","1.49%",2.68,"13_24"
"84","Kayle","Fighter","TOP","B",47.91,"-0.54","51.73%","95.88%","1.97%","0.55%",1.85,"13_24"
"85","Kayn","Fighter","JUNGLE","B",46.66,"-1.50","48.73%","94.56%","4.51%","0.93%",2.47,"13_24"
"86","Kennen","Mage","TOP","B",48.37,"-2.25","50.22%","84.60%","2.76%","2.15%",2.02,"13_24"
"87","Kennen","Mage","MID","C",42.21,"-12.34","52.27%","12.36%","0.40%","1.98%",2.37,"13_24"
"88","Kha'Zix","Assassin","JUNGLE","B",47.89,"+0.16","49.64%","97.85%","4.23%","0.93%",2.49,"13_24"
"89","Kindred","Marksman","JUNGLE","B",48.09,"-2.06","51.01%","97.46%","2.96%","1.07%",2.33,"13_24"
"90","Kled","Fighter","TOP","B",45.86,"-4.97","50.68%","86.00%","1.19%","0.31%",2.19,"13_24"
"91","Kled","Fighter","MID","B",44.03,"999NEW","52.61%","12.82%","0.20%","0.32%",2.72,"13_24"
"92","Kog'Maw","Marksman","ADC","C",42.46,"+3.77","53.55%","85.48%","0.77%","0.10%",2.12,"13_24"
"93","Kog'Maw","Marksman","MID","D",27.97,"-15.84","45.79%","10.39%","0.10%","0.09%",2.14,"13_24"
"94","LeBlanc","Assassin","MID","God",62.25,"+12.32","49.23%","82.96%","6.78%","19.90%",2.81,"13_24"
"95","LeBlanc","Assassin","SUPPORT","B",46.98,"-1.60","50.41%","15.66%","0.97%","17.90%",2.49,"13_24"
"96","Lee Sin","Fighter","JUNGLE","God",94.19,"+0.63","51.37%","97.22%","29.26%","29.34%",3.02,"13_24"
"97","Leona","Tank","SUPPORT","S",54.78,"+6.49","50.46%","99.32%","6.36%","3.06%",2.37,"13_24"
"98","Lillia","Fighter","JUNGLE","B",45.15,"-7.10","49.10%","89.71%","1.75%","0.32%",2.74,"13_24"
"99","Lissandra","Mage","MID","A",50.62,"+0.80","52.55%","90.76%","2.76%","0.53%",2.58,"13_24"
"100","Lucian","Marksman","ADC","God",78.68,"+35.26","52.20%","95.27%","22.32%","16.24%",2.53,"13_24"
"101","Lulu","Support","SUPPORT","A",51.96,"+3.26","49.08%","98.08%","4.91%","0.76%",2.88,"13_24"
"102","Lux","Mage","SUPPORT","A",48.52,"-2.26","46.62%","80.07%","6.66%","3.46%",2.12,"13_24"
"103","Lux","Mage","MID","B",45.96,"-0.15","51.33%","20.84%","1.50%","3.36%",2.8,"13_24"
"104","Malphite","Tank","TOP","S",57.28,"-1.07","49.68%","78.12%","5.22%","7.39%",2.5,"13_24"
"105","Malphite","Tank","MID","D",39.92,"-8.33","49.75%","15.25%","0.88%","7.51%",2.54,"13_24"
"106","Malzahar","Mage","MID","B",47.14,"-0.82","52.67%","88.94%","1.77%","0.54%",2.42,"13_24"
"107","Maokai","Tank","SUPPORT","S",53.59,"+3.69","54.26%","36.19%","1.89%","0.58%",2.35,"13_24"
"108","Maokai","Tank","TOP","A",53.07,"+7.74","53.56%","22.21%","1.17%","0.57%",2.6,"13_24"
"109","Maokai","Tank","JUNGLE","A",48.91,"-3.06","50.57%","43.57%","2.28%","0.57%",2.94,"13_24"
"110","Master Yi","Assassin","JUNGLE","B",46.55,"-4.23","49.67%","89.12%","4.04%","2.96%",2.15,"13_24"
"111","Milio","Support","SUPPORT","S",58.82,"+9.79","50.16%","99.92%","6.78%","1.43%",3.52,"13_24"
"112","Miss Fortune","Marksman","SUPPORT","D",36.32,"+2.14","45.45%","17.58%","0.71%","0.72%",1.87,"13_24"
"113","Miss Fortune","Marksman","ADC","D",35.8,"-7.66","46.18%","80.56%","4.29%","0.72%",2.33,"13_24"
"114","Mordekaiser","Fighter","TOP","C",42.6,"-0.04","48.31%","88.80%","2.35%","0.58%",1.79,"13_24"
"115","Morgana","Mage","SUPPORT","A",48.65,"-0.54","48.78%","82.65%","4.01%","8.60%",2.27,"13_24"
"116","Naafiri","Assassin","MID","C",43.37,"+1.06","52.59%","77.92%","0.91%","1.76%",2.19,"13_24"
"117","Naafiri","Assassin","TOP","D",38.51,"-4.20","49.01%","13.36%","0.14%","1.65%",1.88,"13_24"
"118","Nami","Support","SUPPORT","A",49.79,"+2.12","49.64%","99.78%","2.56%","0.12%",3.04,"13_24"
"119","Nasus","Fighter","TOP","B",47.55,"-1.97","49.27%","90.00%","3.62%","2.29%",1.76,"13_24"
"120","Nautilus","Tank","SUPPORT","God",63.59,"-1.58","48.56%","99.00%","12.30%","17.01%",2.2,"13_24"
"121","Neeko","Mage","MID","S",59.84,"+2.73","53.81%","52.96%","4.37%","10.67%",2.72,"13_24"
"122","Neeko","Mage","SUPPORT","A",48.47,"+0.40","50.09%","41.63%","3.21%","10.67%",2.02,"13_24"
"123","Nidalee","Assassin","JUNGLE","S",59.53,"+3.23","51.24%","97.06%","8.53%","12.69%",3.2,"13_24"
"124","Nilah","Marksman","ADC","C",40.09,"+1.41","51.61%","98.27%","1.17%","1.31%",2.2,"13_24"
"125","Nocturne","Assassin","JUNGLE","S",57.37,"-1.02","50.63%","98.21%","8.84%","14.77%",2.74,"13_24"
"126","Nunu","Tank","JUNGLE","A",48.83,"+1.59","50.67%","69.49%","2.13%","0.69%",2.92,"13_24"
"127","Nunu","Tank","MID","B",43.48,"-0.50","51.36%","25.67%","0.85%","0.69%",2.7,"13_24"
"128","Olaf","Fighter","TOP","A",49.75,"-0.94","52.90%","90.61%","2.09%","1.17%",1.75,"13_24"
"129","Orianna","Mage","MID","God",91.16,"+1.56","50.19%","98.27%","13.51%","26.04%",2.61,"13_24"
"130","Ornn","Tank","TOP","A",51.92,"-0.99","50.70%","92.54%","2.61%","0.23%",2.63,"13_24"
"131","Pantheon","Fighter","TOP","B",43.65,"-0.28","49.02%","33.54%","1.82%","1.36%",2,"13_24"
"132","Pantheon","Fighter","MID","C",43.01,"-3.00","50.67%","36.83%","1.84%","1.29%",2.3,"13_24"
"133","Pantheon","Fighter","SUPPORT","D",39.47,"+3.07","46.98%","23.69%","1.37%","1.33%",1.79,"13_24"
"134","Poppy","Tank","JUNGLE","S",53.99,"+0.86","52.20%","60.52%","4.48%","9.22%",2.81,"13_24"
"135","Poppy","Tank","TOP","S",53.8,"-6.52","52.93%","30.93%","2.25%","9.55%",2.31,"13_24"
"136","Pyke","Support","SUPPORT","S",59.79,"+3.50","50.48%","98.05%","8.41%","16.26%",2.26,"13_24"
"137","Qiyana","Assassin","MID","B",48.09,"+4.59","53.05%","67.91%","1.90%","0.49%",2.39,"13_24"
"138","Qiyana","Assassin","JUNGLE","B",45.79,"+3.10","50.54%","27.72%","0.59%","0.49%",2.63,"13_24"
"139","Quinn","Marksman","TOP","B",46.62,"-4.44","51.28%","87.73%","1.56%","1.85%",1.95,"13_24"
"140","Rakan","Support","SUPPORT","God",73.29,"-2.97","52.10%","99.74%","13.85%","11.89%",2.95,"13_24"
"141","Rammus","Tank","JUNGLE","A",52.31,"-1.21","51.42%","91.75%","2.98%","4.23%",3.23,"13_24"
"142","Rek'Sai","Fighter","JUNGLE","A",50.91,"-0.40","52.08%","96.89%","2.07%","2.04%",2.88,"13_24"
"143","Rell","Tank","SUPPORT","S",56.41,"-0.86","51.37%","86.86%","5.45%","4.54%",2.79,"13_24"
"144","Rell","Tank","JUNGLE","B",46.06,"+1.13","48.86%","12.09%","0.68%","4.59%",3.39,"13_24"
"145","Renata Glasc","Support","SUPPORT","S",54.45,"-0.45","50.70%","99.86%","5.00%","2.99%",2.77,"13_24"
"146","Renekton","Fighter","TOP","S",55.17,"+3.60","50.54%","84.64%","5.06%","4.61%",1.99,"13_24"
"147","Renekton","Fighter","MID","C",40.49,"-5.38","51.24%","15.01%","0.82%","4.55%",2.16,"13_24"
"148","Rengar","Assassin","TOP","A",49.97,"-1.35","51.94%","59.09%","1.93%","2.10%",2.17,"13_24"
"149","Rengar","Assassin","JUNGLE","C",41.05,"-3.64","47.80%","33.11%","1.10%","2.10%",2.39,"13_24"
"150","Riven","Fighter","TOP","A",53.25,"-1.14","50.88%","89.75%","4.51%","0.92%",1.88,"13_24"
"151","Rumble","Fighter","TOP","S",57.66,"+6.03","50.71%","69.11%","4.94%","9.85%",2.22,"13_24"
"152","Rumble","Fighter","JUNGLE","B",47.52,"+0.07","50.78%","13.24%","0.87%","8.70%",2.88,"13_24"
"153","Rumble","Fighter","MID","B",44.69,"-3.85","51.60%","16.95%","1.05%","8.70%",2.68,"13_24"
"154","Ryze","Mage","TOP","D",38.84,"-1.46","48.34%","38.30%","0.70%","0.16%",1.89,"13_24"
"155","Ryze","Mage","MID","D",37.66,"-2.45","49.19%","60.51%","1.09%","0.16%",2.23,"13_24"
"156","Samira","Marksman","ADC","A",49.97,"+4.19","49.98%","99.64%","8.37%","13.44%",2.33,"13_24"
"157","Sejuani","Tank","JUNGLE","B",47.37,"-0.31","48.86%","86.98%","2.23%","0.16%",3.28,"13_24"
"158","Sejuani","Tank","TOP","C",42.05,"999NEW","49.40%","10.12%","0.26%","0.15%",2.35,"13_24"
"159","Senna","Marksman","SUPPORT","S",58.46,"-1.42","50.29%","95.79%","8.51%","6.49%",2.41,"13_24"
"160","Seraphine","Mage","ADC","B",45.3,"+1.64","53.37%","16.91%","0.32%","0.15%",2.83,"13_24"
"161","Seraphine","Mage","SUPPORT","C",42.67,"-0.92","47.34%","78.93%","1.77%","0.15%",2.38,"13_24"
"162","Sett","Fighter","TOP","C",41.49,"-6.93","47.49%","74.46%","2.90%","0.62%",1.59,"13_24"
"163","Sett","Fighter","MID","D",37.47,"-7.92","50.95%","11.76%","0.44%","0.61%",1.91,"13_24"
"164","Sett","Fighter","SUPPORT","D",31.17,"999NEW","42.64%","10.27%","0.35%","0.61%",1.81,"13_24"
"165","Shaco","Assassin","JUNGLE","A",52.33,"-0.17","50.51%","70.63%","4.30%","25.44%",2.8,"13_24"
"166","Shaco","Assassin","SUPPORT","B",48.4,"+0.04","50.70%","25.15%","1.55%","26.06%",2.36,"13_24"
"167","Shen","Tank","TOP","S",54.38,"+4.13","52.56%","78.64%","1.46%","0.10%",3.04,"13_24"
"168","Shen","Tank","SUPPORT","C",41.56,"-2.40","47.53%","16.24%","0.31%","0.11%",2.61,"13_24"
"169","Shyvana","Fighter","JUNGLE","C",41.35,"+0.43","48.30%","61.35%","0.83%","0.12%",2.34,"13_24"
"170","Shyvana","Fighter","TOP","C",40.49,"+1.87","50.66%","35.52%","0.40%","0.12%",1.58,"13_24"
"171","Singed","Tank","MID","A",51.54,"-5.68","54.31%","27.60%","0.83%","0.56%",3.21,"13_24"
"172","Singed","Tank","TOP","A",49.95,"-3.24","52.08%","64.71%","1.75%","0.57%",2.23,"13_24"
"173","Sion","Tank","TOP","C",41.76,"-3.87","48.71%","81.29%","2.05%","0.15%",1.66,"13_24"
"174","Sivir","Marksman","ADC","C",41.41,"-1.44","49.89%","98.04%","2.94%","1.09%",2.53,"13_24"
"175","Skarner","Fighter","JUNGLE","C",43.29,"-0.63","49.25%","51.12%","0.31%","0.07%",2.6,"13_24"
"176","Skarner","Fighter","TOP","D",37.25,"-0.01","47.66%","47.49%","0.28%","0.08%",2.02,"13_24"
"177","Sona","Support","SUPPORT","B",45.99,"+1.16","49.48%","98.59%","0.91%","0.03%",2.74,"13_24"
"178","Soraka","Support","SUPPORT","A",51.2,"+1.25","50.60%","98.52%","3.33%","0.20%",2.68,"13_24"
"179","Swain","Mage","ADC","A",51.35,"+0.78","55.45%","24.90%","0.81%","0.96%",3.16,"13_24"
"180","Swain","Mage","MID","B",46.82,"-4.24","53.16%","18.92%","0.69%","1.05%",2.78,"13_24"
"181","Swain","Mage","SUPPORT","B",46.7,"+1.64","50.04%","49.25%","1.88%","0.96%",2.27,"13_24"
"182","Sylas","Mage","MID","God",91.02,"+15.28","50.41%","69.07%","12.90%","31.16%",2.16,"13_24"
"183","Sylas","Mage","JUNGLE","C",43.45,"-6.42","46.29%","20.22%","3.84%","31.16%",2.29,"13_24"
"184","Syndra","Mage","MID","God",62.57,"+6.56","50.60%","94.20%","8.31%","6.38%",2.22,"13_24"
"185","Tahm Kench","Support","TOP","A",50.82,"+4.69","52.44%","49.92%","1.25%","0.31%",2.51,"13_24"
"186","Tahm Kench","Support","ADC","A",49.75,"-0.19","55.53%","22.18%","0.47%","0.28%",2.92,"13_24"
"187","Tahm Kench","Support","SUPPORT","C",43.2,"-0.66","49.10%","24.54%","0.62%","0.31%",2.25,"13_24"
"188","Taliyah","Mage","JUNGLE","S",55.62,"-2.98","51.95%","83.16%","6.62%","7.85%",2.67,"13_24"
"189","Taliyah","Mage","MID","B",45.64,"-4.84","53.05%","12.88%","0.97%","7.43%",2.39,"13_24"
"190","Talon","Assassin","MID","S",59.63,"+6.95","53.42%","61.97%","5.28%","5.47%",2.45,"13_24"
"191","Talon","Assassin","JUNGLE","A",51.29,"+1.20","51.95%","37.43%","3.10%","5.47%",2.69,"13_24"
"192","Taric","Support","SUPPORT","A",48.61,"-0.48","50.96%","94.95%","1.09%","0.10%",2.75,"13_24"
"193","Teemo","Marksman","TOP","B",44.26,"-4.07","49.73%","71.35%","2.23%","3.31%",1.66,"13_24"
"194","Teemo","Marksman","JUNGLE","D",38.35,"-0.79","47.14%","16.85%","0.60%","3.59%",2.1,"13_24"
"195","Teemo","Marksman","SUPPORT","D",34.82,"-4.78","45.40%","18.38%","0.35%","3.29%",1.62,"13_24"
"196","Thresh","Support","SUPPORT","God",64.07,"-1.00","49.73%","99.66%","12.55%","4.68%",2.49,"13_24"
"197","Tristana","Marksman","ADC","B",44.33,"+0.70","52.63%","63.41%","2.13%","0.53%",2.41,"13_24"
"198","Tristana","Marksman","MID","D",37.74,"-6.27","49.79%","33.82%","1.23%","0.53%",1.94,"13_24"
"199","Trundle","Fighter","TOP","God",71.32,"+18.09","48.12%","88.37%","9.80%","30.72%",1.1,"13_24"
"200","Tryndamere","Fighter","TOP","B",43.83,"-3.44","49.68%","82.02%","2.09%","1.66%",1.69,"13_24"
"201","Tryndamere","Fighter","MID","D",39.66,"-3.75","51.79%","18.94%","0.42%","1.72%",2.04,"13_24"
"202","Twisted Fate","Mage","MID","A",52.48,"-3.18","50.12%","96.88%","5.26%","0.56%",2.43,"13_24"
"203","Twitch","Marksman","ADC","C",42.19,"-2.10","51.10%","70.66%","2.08%","0.61%",2.52,"13_24"
"204","Twitch","Marksman","SUPPORT","C",41.3,"+1.52","48.46%","21.81%","0.65%","0.60%",1.98,"13_24"
"205","Udyr","Fighter","TOP","B",47.92,"-0.11","51.02%","58.52%","1.71%","1.05%",2.2,"13_24"
"206","Udyr","Fighter","JUNGLE","B",43.62,"-1.29","49.34%","46.38%","0.99%","0.46%",2.45,"13_24"
"207","Urgot","Fighter","TOP","B",47.9,"+1.71","52.05%","89.08%","1.38%","0.14%",2.04,"13_24"
"208","Varus","Marksman","ADC","God",63.09,"+1.44","50.63%","92.51%","16.76%","7.32%",2.37,"13_24"
"209","Vayne","Marksman","ADC","B",44.78,"+0.49","51.56%","67.48%","4.36%","3.43%",2.21,"13_24"
"210","Vayne","Marksman","TOP","B",43.66,"-1.85","51.05%","27.64%","1.52%","3.32%",1.48,"13_24"
"211","Veigar","Mage","MID","C",43.44,"-3.23","51.67%","67.13%","1.51%","0.30%",2.21,"13_24"
"212","Veigar","Mage","ADC","D",39.3,"999NEW","51.50%","10.81%","0.27%","0.33%",2.32,"13_24"
"213","Veigar","Mage","SUPPORT","D",37.83,"+2.04","46.78%","19.00%","0.46%","0.33%",1.82,"13_24"
"214","Vel'Koz","Mage","SUPPORT","B",45.14,"-1.34","50.27%","76.33%","1.20%","0.12%",2.02,"13_24"
"215","Vel'Koz","Mage","MID","D",36.15,"-5.74","49.07%","20.04%","0.33%","0.12%",2.4,"13_24"
"216","Vex","Mage","MID","B",48.14,"-2.03","49.86%","97.51%","4.01%","3.17%",2.32,"13_24"
"217","Vi","Fighter","JUNGLE","B",47.31,"-1.37","48.97%","98.04%","4.84%","0.94%",2.44,"13_24"
"218","Viego","Assassin","JUNGLE","A",51.4,"-0.43","49.94%","94.24%","6.85%","0.57%",2.52,"13_24"
"219","Viktor","Mage","MID","C",43.46,"-2.74","49.50%","93.16%","3.03%","0.79%",2.15,"13_24"
"220","Vladimir","Mage","TOP","B",44,"-1.31","49.97%","42.85%","1.10%","0.33%",2.12,"13_24"
"221","Vladimir","Mage","MID","C",43.08,"-7.33","50.95%","55.82%","1.47%","0.33%",2.43,"13_24"
"222","Volibear","Fighter","TOP","B",46.75,"+0.10","49.49%","90.43%","3.34%","0.92%",1.7,"13_24"
"223","Warwick","Fighter","TOP","B",46.77,"+0.20","51.74%","48.17%","1.36%","0.48%",1.93,"13_24"
"224","Warwick","Fighter","JUNGLE","C",43.17,"-1.94","49.00%","58.79%","1.98%","0.55%",2.18,"13_24"
"225","Wukong","Fighter","JUNGLE","C",40.17,"-2.14","46.88%","69.67%","1.18%","0.13%",2.53,"13_24"
"226","Wukong","Fighter","TOP","D",38.87,"-1.34","48.49%","28.56%","0.48%","0.13%",1.95,"13_24"
"227","Xayah","Marksman","ADC","A",49.65,"-8.27","50.09%","99.65%","8.88%","3.31%",2.39,"13_24"
"228","Xerath","Mage","SUPPORT","S",57.93,"+2.96","51.07%","60.21%","6.58%","16.32%",2.33,"13_24"
"229","Xerath","Mage","MID","S",55.09,"+1.89","50.54%","38.83%","3.86%","15.30%",3.17,"13_24"
"230","Xin Zhao","Fighter","JUNGLE","B",46.56,"-2.91","50.05%","86.59%","2.92%","0.17%",2.36,"13_24"
"231","Xin Zhao","Fighter","TOP","D",35.15,"999NEW","47.86%","11.89%","0.35%","0.18%",1.53,"13_24"
"232","Yasuo","Fighter","MID","God",61.89,"+10.53","48.67%","71.79%","9.14%","13.99%",1.79,"13_24"
"233","Yasuo","Fighter","TOP","C",41.16,"-0.44","48.87%","14.58%","1.80%","14.05%",1.47,"13_24"
"234","Yasuo","Fighter","ADC","C",40.46,"+1.92","51.68%","11.47%","1.38%","14.05%",2.13,"13_24"
"235","Yone","Assassin","MID","God",83.76,"+12.11","49.18%","53.56%","11.93%","33.42%",1.75,"13_24"
"236","Yone","Assassin","TOP","God",73.37,"-12.13","47.29%","45.36%","10.38%","33.42%",1.44,"13_24"
"237","Yorick","Fighter","TOP","D",39.97,"-5.28","49.16%","91.32%","1.34%","0.96%",1.52,"13_24"
"238","Yuumi","Support","SUPPORT","A",51.7,"+0.16","45.59%","99.08%","5.29%","2.15%",4.17,"13_24"
"239","Zac","Tank","TOP","A",51.05,"-1.82","51.59%","23.09%","1.44%","1.27%",2.74,"13_24"
"240","Zac","Tank","JUNGLE","A",50.39,"-2.69","49.26%","56.95%","3.41%","1.34%",3.56,"13_24"
"241","Zac","Tank","SUPPORT","A",50.32,"+5.61","52.27%","16.14%","0.99%","1.15%",2.69,"13_24"
"242","Zed","Assassin","MID","S",57.48,"+4.59","50.30%","88.79%","5.79%","16.98%",2.36,"13_24"
"243","Zeri","Marksman","ADC","D",37.07,"+5.44","47.45%","97.28%","3.45%","0.27%",2.39,"13_24"
"244","Ziggs","Mage","ADC","B",45.83,"-2.50","52.45%","82.20%","3.26%","6.36%",2.4,"13_24"
"245","Ziggs","Mage","MID","D",38.18,"-2.37","49.96%","11.90%","0.49%","6.32%",2.37,"13_24"
"246","Zilean","Support","SUPPORT","A",50.9,"+1.61","51.27%","84.31%","1.83%","0.24%",2.94,"13_24"
"247","Zilean","Support","MID","A",49.01,"999NEW","53.22%","10.67%","0.23%","0.24%",3.45,"13_24"
"248","Zoe","Mage","MID","A",51.6,"-0.73","51.77%","90.13%","3.12%","1.54%",2.84,"13_24"
"249","Zoe","Mage","SUPPORT","B",45.59,"999NEW","51.00%","10.71%","0.32%","1.37%",2.2,"13_24"
"250","Zyra","Mage","SUPPORT","A",51.96,"-3.06","52.19%","88.86%","3.59%","2.32%",2.04,"13_24"
